contestId,index,name,rating
2181,M,Medical Parity,1700
2181,F,Fragmented Nim,1600
2180,D,Insolvable Disks,1900
2174,B,Wishing Cards,1900
2172,F,Cluster Computing System,1600
2172,B,Buses,1800
2171,F,Rae Taylor and Trees (hard version),1600
2169,D1,Removal of a Sequence (Easy Version),1500
2167,G,Mukhammadali and the Smooth Array,1600
2167,F,"Tree, TREE!!!",1600
2167,E,khba Loves to Sleep!,1600
2165,B,Marble Council,1900
2164,D,Copy String,1800
2163,C,Monopati,1500
2163,B,Siga ta Kymata,1700
2162,E,Beautiful Palindromes,1600
2161,B,Make Connected,1700
2159,A,MAD Interactive Problem,1700
2157,E,Adjusting Drones,1900
2157,D,Billion Players Game,1600
2156,D,Find the Last Number,1900
2155,D,Batteries,1800
2155,C,The Ancient Wizards' Capes,1500
2154,D,Catshock,1900
2153,D,Not Alone,1800
2153,C,Symmetrical Polygons,1500
2152,D,Division Versus Addition,1700
2150,B,Grid Counting,1700
2149,F,Nezuko in the Clearing,1900
2149,E,Hidden Knowledge of the Ancients,1500
2148,G,Farmer John's Last Wish,1900
2148,F,Gravity Falls,1800
2147,D,Game on Array,1700
2147,C,Rabbits,1500
2145,D,Inversion Value of a Permutation,1800
2144,D,Price Tags,1800
2141,D,Avoid Minimums,1800
2141,C,Minimum on Subarrays,1800
2140,C,Ultimate Value,1500
2138,C1,Maple and Tree Beauty (Easy Version),1800
2138,B,Antiamuny Wants to Learn Swap,1900
2137,F,Prefix Maximum Invariance,1900
2137,E,Mexification,1500
2135,B,For the Champion,1700
2133,D,Chicken Jockey,1900
2132,E,Arithmetics Competition,1700
2132,D,From 1 to Infinity,1600
2131,F,Unjust Binary Life,1900
2129,C1,Interactive RBS (Easy Version),1900
2129,B,Stay or Mirror,1600
2128,E1,Submedians (Easy Version),1900
2128,D,Sum of LDS,1600
2127,D,"Root was Built by Love, Broken by Destiny",1800
2125,D,Segments Covering,1600
2124,D,Make a Palindrome,1700
2123,F,Minimize Fixed Points,1700
2122,C,Manhattan Pairs,1700
2121,G,Gangsta,1900
2121,F,Yamakasi,1800
2121,E,Sponsor of Your Problems,1500
2120,D,Matrix game,1800
2118,D1,"Red Light, Green Light (Easy version)",1700
2117,G,Omg Graph,1900
2117,F,Wildflower,1800
2117,E,Lost Soul,1600
2115,A,Gellyfish and Flaming Peony,1500
2113,C,Smilo and Minecraft,1700
2112,D,Reachability and Tree,1700
2111,E,Changing the String,1900
2110,D,Fewer Batteries,1700
2109,D,D/D/D,1900
2109,C2,Hacking Numbers (Medium Version),1700
2109,C1,Hacking Numbers (Easy Version),1500
2108,C,Neo's Escape,1500
2107,C,Maximum Subarray Sum,1500
2106,F,Goblin,1900
2106,E,Wolf,1800
2106,D,Flower Boy,1500
2104,E,Unpleasant Strings,1700
2103,C,Median Splits,1600
2101,B,Quartet Swapping,1800
2096,C,Wonderful City,1700
2094,H,La Vaca Saturno Saturnita,1900
2094,G,Chimpanzini Bananini,1700
2094,F,Trulimero Trulicina,1600
2093,G,Shorten the Array,1900
2093,F,Hackers and Neural Networks,1800
2093,E,Min Max MEX,1500
2092,D,Mishkin Energizer,1800
2091,F,Igor and Mountain,1800
2089,B1,Canteen (Easy Version),1900
2089,A,Simple Permutation,1700
2086,D,Even String,1700
2085,C,Serval and The Formula,1600
2084,D,Arcology On Permafrost,1600
2082,B,Floor or Ceil,1600
2081,A,Math Division,1800
2080,B,Best Runner,1700
2079,D,Cute Subsequences,1800
2077,B,Finding OR Sum,1900
2077,A,Breach of Faith,1500
2075,C,Two Colors,1500
2074,E,Empty Triangle,1600
2073,A,Control Towers,1900
2072,F,"Goodbye, Banker Life",1700
2072,E,Do You Love Your Hero and His Two-Hit Multi-Target Attacks?,1500
2071,D1,Infinite Sequence (Easy Version),1800
2071,C,Trapmigiano Reggiano,1700
2070,D,Tree Jumps,1600
2070,C,Limited Repainting,1500
2069,D,Palindrome Shuffle,1800
2069,C,Beautiful Sequence,1500
2068,F,Mascot Naming,1900
2067,C,Devyatkino,1500
2066,B,White Magic,1900
2065,G,Skibidus and Capping,1700
2065,F,Skibidus and Slay,1700
2065,E,Skibidus and Rizz,1600
2064,D,Eating,1900
2060,E,Graph Composition,1500
2059,D,Graph and Graph,1900
2059,C,Customer Service,1600
2053,C,Bewitching Stargazer,1500
2051,E,Best Price,1600
2050,G,Tree Destruction,1900
2050,F,Maximum modulo equality,1700
2050,E,Three Strings,1500
2049,D,Shift + Esc,1900
2049,C,MEX Cycle,1500
2048,D,Kevin and Competition Memories,1600
2046,B,Move Back at a Cost,1600
2045,M,Mirror Maze,1800
2045,A,Scrambled Scrabble,1700
2044,G2,Medium Demon Problem (hard version),1900
2044,G1,Medium Demon Problem (easy version),1700
2044,F,Easy Demon Problem,1900
2043,D,Problem about GCD,1800
2043,C,Sums on Segments,1600
2042,D,Recommendations,1900
2042,C,Competitive Fishing,1800
2041,D,Drunken Maze,1700
2040,D,Non Prime Tree,1900
2040,C,Ordered Permutations,1600
2039,D,Shohag Loves GCD,1700
2039,C2,Shohag Loves XOR (Hard Version),1800
2029,D,Cool Graph,1900
2029,C,New Rating,1700
2028,C,Alice's Adventures in Cutting Cake,1600
2027,C,Add Zeros,1500
2026,C,Action Figures,1500
2025,D,Attribute Checks,1800
2023,B,Skipping,1700
2022,D1,Asesino (Easy Version),1900
2022,C,Gerrymandering,1800
2021,C2,Adjust The Presentation (Hard Version),1900
2014,E,Rendez-vous de Marian et Robin,1800
2010,C2,Message Transmission Error (hard version),1700
2009,G1,Yunli's Subarray Queries (easy version),1900
2009,F,Firefly's Queries,1700
2008,G,Sakurako's Task,1800
2008,E,Alternating String,1500
2007,C,Dora and C++,1500
2006,B,Iris and the Tree,1800
2006,A,Iris and Game on the Tree,1700
2005,C,Lazy Narek,1800
2004,D,Colored Portals,1600
2002,D1,DFS Checker (Easy Version),1900
2001,D,Longest Max Min Subsequence,1900
2001,C,Guess The Tree,1500
2000,F,Color Rows and Columns,1900
1999,G2,Ruler (hard version),1700
1999,G1,Ruler (easy version),1500
1999,F,Expected Median,1500
1998,C,Perform Operations to Maximize Score,1900
1997,D,Maximize the Root,1500
1996,F,Bomb,1900
1996,E,Decode,1600
1996,D,Fun,1500
1995,C,Squaring,1800
1995,B2,Bouquet (Hard Version),1700
1994,D,Funny Game,1900
1994,C,Hungry Games,1600
1992,F,Valuable Cards,1900
1992,E,Novice's Mistake,1700
1991,E,Coloring Game,1900
1991,D,Prime XOR Coloring,1900
1990,D,Grid Puzzle,1800
1990,C,Mad MAD Sum,1500
1986,F,Non-academic Problem,1900
1986,E,Beautiful Array,1700
1985,H1,Maximize the Largest Component (Easy Version),1700
1985,G,D-Function,1600
1985,F,Final Boss,1500
1984,C2,Magnitude (Hard Version),1700
1983,D,Swap Dilemma,1700
1982,D,Beauty of the mountains,1700
1981,C,Turtle and an Incomplete Sequence,1800
1980,F1,Field Division (easy version),1900
1980,E,Permutation of Rows and Columns,1600
1979,D,Fixing a Binary String,1800
1978,D,Elections,1600
1977,C,Nikita and LCM,1900
1976,C,Job Interview,1600
1975,D,Paint the Tree,1700
1974,F,Cutting Game,1900
1974,E,Money Buys Happiness,1800
1973,C,"Cat, Fox and Double Maximum",1700
1971,G,XOUR,1700
1971,F,Circle Perimeter,1600
1971,E,Find the Car,1500
1970,G1,Min-Fund Prison (Easy),1900
1970,E1,Trails (Easy),1800
1970,C3,Game on Tree (Hard),1900
1970,C2,Game on Tree (Medium),1700
1970,B1,Exact Neighbours (Easy),1900
1969,D,Shop Game,1900
1969,C,Minimizing the Sum,1700
1968,G1,Division + LCP (easy version),1900
1968,F,Equal XOR Segments,1800
1968,E,Cells Arrangement,1600
1965,B,Missing Subsequence Sum,1800
1958,E,Yet Another Permutation Constructive,1900
1958,D,Staircase,1600
1958,C,Firewood,1500
1957,D,A BIT of an Inequality,1900
1957,C,How Does the Rook Move?,1600
1956,C,Nene's Magical Matrix,1600
1955,G,GCD on a grid,1900
1955,F,Unfair Game,1800
1955,E,Long Inversions,1700
1954,D,Colored Balls,1800
1950,G,Shuffling Songs,1900
1950,F,"0, 1, 2, Tree!",1700
1950,E,Nearly Shortest Repeating Substring,1500
1949,I,Disks,1800
1949,C,Annual Ants' Gathering,1900
1949,B,Charming Meals,1500
1948,D,Tandem Repeats?,1700
1946,D,Birthday Gift,1900
1946,C,Tree Cutting,1600
1945,F,Kirill and Mushrooms,1900
1945,E,Binary Search,1700
1942,C2,Bessie's Birthday Cake (Hard Version),1700
1941,F,Rudolf and Imbalance,1800
1941,E,Rudolf and k Bridges,1600
1938,H,Pho Restaurant,1600
1938,C,Bit Counting Sequence,1900
1936,A,Bitwise Operation Wizard,1700
1935,D,Exam in MAC,1800
1935,C,Messenger in MAC,1800
1934,C,Find a Mine,1700
1933,E,Turtle vs. Rabbit Race: Optimal Trainings,1500
1932,F,Feed Cats,1900
1932,E,Final Countdown,1600
1931,F,Chat Screenshots,1700
1930,D1,Sum over all Substrings (Easy Version),1800
1930,C,Lexicographically Largest,1700
1929,D,Sasha and a Walk in the City,1900
1928,D,Lonely Mountain Dungeons,1900
1928,C,Physical Education Lesson,1600
1927,F,Microcycle,1900
1926,G,Vlad and Trouble at MIT,1900
1926,E,Vlad and an Odd Ordering,1500
1925,D,Good Trip,1900
1924,A,Did We Get Everything Covered?,1500
1923,D,Slimes,1800
1922,E,Increasing Subsequences,1800
1922,D,Berserk Monsters,1900
1921,F,Sum of Progression,1900
1921,E,Eat the Chip,1600
1920,D,Array Repetition,1900
1920,C,Partitioning the Array,1600
1918,D,Blocking Elements,1900
1917,C,Watering an Array,1600
1916,D,Mathematical Problem,1700
1915,G,Bicycles,1800
1915,F,Greetings,1500
1914,F,Programming Competition,1900
1912,K,Kim's Quest,1800
1912,D,Divisibility Test,1900
1912,A,Accumulator Apex,1900
1910,D,Remove and Add,1800
1910,C,Poisonous Swamp,1600
1910,B,Security Guard,1600
1909,I,Short Permutation Problem,1900
1909,D,Split Plus K,1900
1907,F,Shift and Reverse,1800
1907,E,Good Triples,1600
1906,M,Triangle Construction,1700
1906,E,Merge Not Sort,1900
1904,D2,Set To Max (Hard Version),1800
1904,D1,Set To Max (Easy Version),1600
1903,D1,Maximum And Queries (easy version),1700
1902,E,Collapsing Strings,1900
1902,D,Robot Queries,1900
1901,D,Yet Another Monster Fight,1700
1899,G,Unusual Entertainment,1900
1899,F,Alex's whims,1600
1898,D,Absolute Beauty,1900
1898,C,Colorful Grid,1700
1898,B,Milena and Admirer,1500
1896,D,Ones and Twos,1700
1895,D,XOR Construction,1900
1893,B,Neutral Tonality,1700
1889,B,Doremy's Connecting Plan,1700
1887,B,Time Travel,1900
1886,C,Decreasing String,1600
1884,C,Medium Design,1700
1883,G2,Dances (Hard Version),1900
1883,E,Look Back,1700
1883,D,In Love,1500
1882,D,Tree XOR,1900
1882,C,Card Game,1500
1881,F,Minimum Maximum Distance,1700
1881,E,Block Sequence,1500
1879,D,Sum of XOR Functions,1700
1878,F,Vasilije Loves Number Theory,1900
1878,D,Reverse Madness,1600
1876,B,Effects of Anti Pimples,1500
1875,D,Jellyfish and Mex,1600
1873,H,Mad City,1700
1873,G,ABBC or BACB,1500
1872,F,Selling a Menagerie,1800
1872,E,Data Structures Fan,1500
1870,D,Prefix Purchase,1800
1868,B1,Candy Party (Easy Version),1700
1867,D,Cyclic Operations,1800
1864,D,Matrix Cascade,1700
1862,F,Magic Will Save the World,1800
1862,E,Kolya and Movie Theatre,1600
1861,D,Sorting By Multiplication,1800
1861,C,Queries for the Array,1600
1859,D,Andrey and Escape from Capygrad,1800
1858,B,The Walkway,1500
1857,F,Sum and Product,1600
1857,E,Power of Points,1500
1856,E1,PermuTree (easy version),1800
1856,C,To Become Max,1600
1854,A2,Dual (Hard Version),1900
1852,B,Imbalanced Arrays,1800
1852,A,Ntarsis' Set,1800
1851,F,Lisa and the Martians,1800
1851,E,Nastya and Potions,1500
1850,H,The Third Letter,1700
1850,G,The Morning Star,1500
1849,D,Array Painting,1700
1849,C,Binary String Copying,1600
1848,C,Vika and Price Tags,1800
1847,D,Professor Higashikata,1900
1846,G,Rudolf and CodeVid-23,1900
1846,F,Rudolph and Mimic,1800
1846,E2,Rudolf and Snowflakes (hard version),1800
1845,D,Rating System,1800
1843,F1,Omsk Metro (simple version),1800
1843,E,Tracking Segments,1600
1842,D,Tenzing and His Animal Friends ,1900
1842,C,Tenzing and Balls,1500
1841,C,Ranom Numbers,1800
1840,E,Character Blocking,1600
1835,A,k-th equality,1700
1834,D,Survey in Class,1900
1833,G,Ksyusha and Chinchilla,1800
1833,F,Ira and Flamenco,1700
1833,E,Round Dance,1600
1829,H,Don't Blame Me,1700
1829,G,Hits Different,1600
1826,D,Running Miles,1700
1824,B1,LuoTianyi and the Floating Islands (Easy Version),1800
1823,D,Unique Palindromes,1900
1822,G1,Magic Triples (Easy Version),1700
1822,F,Gardening Friends,1700
1822,E,Making Anti-Palindromes,1600
1821,D,Black Cells,1900
1819,B,The Butcher,1900
1817,B,Fish Graph,1900
1817,A,Almost Increasing Subsequence,1500
1814,C,Search in Parallel,1500
1814,B,Long Legs,1700
1811,E,Living Sequence,1500
1811,D,Umka and a Long Flight,1600
1810,D,Climbing the Tree,1700
1809,D,Binary String Sorting,1800
1809,C,Sum on Subarrays,1500
1808,C,Unlucky Numbers,1900
1807,F,Bouncy Ball,1700
1806,C,Sequence Master,1600
1805,D,"A Wide, Wide Graph",1800
1804,C,Pull Your Luck,1500
1801,C,Music Festival,1900
1801,B,Buying gifts,1800
1801,A,The Very Beautiful Blanket,1600
1800,F,Dasha and Nightmares,1900
1800,E2,Unforgivable Curse (hard version),1500
1799,D1,Hot Start Up (easy version),1900
1799,C,Double Lexicographically Minimum,1700
1798,D,Shocking Arrangement,1600
1798,C,Candy Store,1700
1797,D,Li Hua and Tree,1900
1797,C,Li Hua and Chess,1600
1796,C,Maximum Set,1600
1795,D,Triangle Coloring,1600
1795,C,Tea Tasting,1500
1794,D,Counting Factorizations,1900
1793,D,Moscow Gorillas,1800
1792,D,Fixed Prefix Permutations,1700
1792,C,Min Max Sort,1500
1791,G2,Teleporters (Hard Version),1900
1791,F,Range Update Point Query,1500
1789,C,Serval and Toxel's Arrays,1500
1787,D,Game on Axis,1900
1787,C,Remove the Bracket,1600
1784,B,Letter Exchange,1900
1783,C,Yet Another Tournament,1700
1781,D,Many Perfect Squares,1800
1781,C,Equal Frequencies,1600
1780,D,Bit Guessing Game,1800
1778,C,Flexible String,1600
1777,D,Score of a Tree,1900
1777,C,Quiz Master,1700
1776,L,Controllers,1500
1776,F,Train Splitting,1700
1773,K,King's Puzzle,1900
1773,A,Amazing Trick,1900
1772,E,Permutation Game,1700
1771,C,Hossam and Trainees,1600
1770,C,Koxia and Number Theory,1700
1769,D1,Игра в Девятку I,1800
1760,F,Quests,1500
1759,F,All Possible Digits,1800
1759,E,The Humanoid,1500
1753,B,Factorial Divisibility,1600
1753,A2,Make Nonzero Sum (hard version),1500
1747,D,Yet Another Problem,1900
1746,D,Paths on the Tree,1900
1742,G,Orray,1500
1742,F,Smaller,1500
1740,E,Hanging Hearts,1800
1740,D,Knowledge Cards,1500
1739,D,Reset K Edges,1900
1739,C,Card Game,1500
1738,C,Even Number Addicts,1500
1737,C,Ela and Crickets,1500
1735,D,Meta-set,1700
1732,D1,Balance (Easy version),1500
1732,C1,Sheikh (Easy version),1800
1731,C,Even Subarrays,1700
1730,B,Meeting on the Line,1600
1729,F,Kirei and the Linear Function,1900
1729,E,Guess the Cycle Size,1800
1728,D,Letter Picking,1800
1725,M,Moving Both Hands,1800
1725,H,Hot Black Hot White,1800
1725,G,Garage,1500
1722,G,Even-Odd XOR,1500
1722,F,L-shapes,1700
1722,E,Counting Rectangles,1600
1718,A2,Burenka and Traditions (hard version),1900
1717,D,Madoka and The Corruption Scheme,1900
1715,C,Monoblock,1700
1714,D,Color with Occurrences,1600
1713,D,Tournament Countdown,1800
1710,A,Color the Picture,1500
1709,D,Rorororobot,1700
1707,A,Doremy's IQ,1600
1706,D1,Chopping Carrots (Easy Version),1700
1703,G,"Good Key, Bad Key",1600
1702,F,Equate Multisets,1700
1702,E,Split Into Two Sets,1600
1699,C,The Third Problem,1700
1698,D,Fixed Point Guessing,1600
1697,D,Guess The String,1900
1690,F,Shifting String,1700
1690,E,Price Maximization,1500
1688,C,Manipulating History,1700
1687,B,Railway System,1700
1687,A,The Enchanted Forest,1600
1684,D,Traps,1700
1680,C,Binary String,1600
1677,C,Tokitsukaze and Two Colorful Tapes,1900
1677,B,Tokitsukaze and Meeting,1700
1677,A,Tokitsukaze and Strange Inequality,1600
1676,H2,Maximum Crossings (Hard Version),1500
1675,E,"Replace With the Previous, Minimize",1500
1673,D,Lost Arithmetic Progression,1900
1673,C,Palindrome Basis,1500
1672,D,Cyclic Rotation,1700
1671,D,Insert a Progression,1600
1670,D,Very Suspicious,1700
1666,L,Labyrinth,1800
1666,C,Connect the Points,1800
1665,C,Tree Infection,1600
1661,D,Progressions Covering,1900
1661,C,Water the Trees,1700
1660,F1,Promising String (easy version),1700
1660,E,Matrix and Shifts,1600
1660,D,Maximum Product Strikes Back,1600
1659,D,Reverse Sort Sum,1900
1659,C,Line Empire,1500
1658,D1,388535 (Easy Version),1600
1658,C,Shinju and the Lost Permutation,1700
1656,D,K-good,1900
1651,D,Nearest Excluded Points,1900
1651,C,Fault-tolerant Network,1500
1650,E,Rescheduling the Exam,1900
1648,C,Tyler and Strings,1900
1648,B,Integral Array,1800
1647,D,Madoka and the Best School in Russia,1900
1646,C,Factorials and Powers of Two,1500
1644,E,Expand the Path,1900
1644,D,Cross Coloring,1700
1637,D,Yet Another Minimization Problem,1800
1635,D,Infinite Set,1800
1632,C,Strange Test,1600
1630,B,Range and Partition,1800
1630,A,And Matching,1500
1628,B,Peculiar Movie Preferences,1700
1627,D,Not Adding,1900
1623,C,Balanced Stone Heaps,1600
1622,C,Set or Decrease,1600
1621,C,Hidden Permutations,1700
1621,B,Integers Shop,1500
1620,E,Replace the Numbers,1900
1619,D,New Year's Problem,1800
1618,E,Singers' Tour,1700
1617,D1,Too Many Impostors (easy version),1800
1616,C,Representative Edges,1500
1615,C,Menorah,1600
1614,C,Divan and bitwise operations,1500
1613,D,MEX Sequences,1900
1612,D,X-Magic Pair,1600
1611,F,ATM and Students,1800
1611,E2,Escape The Maze (hard version),1900
1611,E1,Escape The Maze (easy version),1700
1611,D,Weights Assignment For Tree Edges,1500
1610,C,Keshi Is Throwing a Party,1600
1609,D,Social Network,1600
1608,C,Game Master,1700
1607,E,Robot on the Board 1,1600
1603,B,Moderate Modular Mode,1600
1601,B,Frog Traveler,1900
1600,E,Array Game,1900
1598,D,Training Session,1700
1594,D,The Number of Imposters,1700
1593,E,Gardener and Tree,1600
1593,D2,Half of Same,1900
1592,C,Bakry and Partitioning,1700
1585,D,Yet Another Sorting Problem,1900
1583,D,Omkar and the Meaning of Life,1800
1583,C,Omkar and Determination,1700
1582,F1,Korney Korneevich and XOR (easy version),1800
1582,D,"Vupsen, Pupsen and 0",1600
1580,A,Portal,1700
1579,F,Array Stabilization (AND version),1700
1579,E2,Array Optimization by Deque,1700
1579,C,Ticks,1500
1578,H,Higher Order Functions,1700
1575,J,Jeopardy of Dropped Balls,1500
1575,D,Divisible by Twenty-Five,1800
1572,A,Book,1800
1571,E,Fix the String,1700
1571,D,Sweepstake,1800
1571,C,Rhyme,1800
1569,C,Jury Meeting,1500
1567,C,Carrying Conundrum,1600
1566,D2,Seating Arrangements (hard version) ,1600
1562,D1,Two Hundred Twenty One (easy version),1700
1562,C,Rings,1500
1561,D1,Up the Strip (simplified version),1700
1560,F1,Nearest Beautiful Number (easy version),1900
1558,B,Up the Strip,1900
1557,C,Moamen and XOR,1700
1556,D,Take a Guess,1800
1556,C,Compressed Bracket Sequence,1800
1555,D,Say No to Palindromes,1600
1554,D,Diane,1800
1554,C,Mikasa,1800
1554,B,Cobb,1700
1553,D,Backspace,1500
1552,D,Array Differentiation,1800
1552,C,Maximize the Intersections,1800
1552,B,Running for Gold,1500
1551,D1,Domino (easy version),1700
1551,C,Interesting Story,1500
1550,C,Manhattan Subarrays,1700
1548,B,Integers Have Friends,1800
1547,F,Array Stabilization (GCD version),1900
1547,E,Air Conditioners,1500
1545,B,AquaMoon and Chess,1900
1545,A,AquaMoon and Strange Sort,1500
1543,D1,RPD and Rap Sheet (Easy Version),1700
1543,C,Need for Pink Slips,1900
1542,C,Strange Function,1600
1542,B,Plus and Multiply,1500
1539,D,PriceFixed,1600
1538,F,Interesting Function,1500
1538,D,Another Problem About Dividing Numbers,1700
1537,E1,Erase and Extend (Easy Version),1600
1537,D,Deleting Divisors,1700
1536,C,Diluc and Kaeya,1500
1535,D,Playoff Tournament,1800
1534,D,Lost Tree,1800
1528,B,Kavi on Pairing Duty,1700
1528,A,Parsa's Humongous Tree,1600
1527,C,Sequence Pair Weight,1600
1527,B2,Palindrome Game (hard version),1900
1526,C2,Potions (Hard Version),1600
1526,C1,Potions (Easy Version),1500
1525,D,Armchairs,1800
1523,C,Compression and Expansion,1600
1520,F1,Guess the K-th Zero (Easy version),1600
1519,D,Maximum Sum of Products,1600
1517,D,Explorer Space,1800
1516,C,Baby Ehab Partitions Again,1700
1516,B,AGAGA XOOORRR,1500
1515,D,Phoenix and Socks,1500
1514,C,Product 1 Modulo N,1600
1513,C,Add One,1600
1512,G,Short Task,1700
1512,F,Education,1900
1512,E,Permutation by Sum,1600
1511,D,Min Cost String,1600
1509,C,The Sports Festival,1800
1508,B,Almost Sorted,1800
1508,A,Binary Literature,1900
1506,E,Restoring the Permutation,1500
1505,E,Cakewalk,1800
1505,D,Xenolith? Hippodrome?,1800
1505,B,DMCA,1600
1503,B,3-Coloring,1700
1503,A,Balance the Bits,1600
1500,A,Going Home,1800
1499,C,Minimum Grid Path,1500
1498,C,Planar Reflections,1600
1497,E1,Square-Free Division (easy version),1700
1497,C2,k-LCM (hard version),1600
1495,B,Let's Go Hiking,1900
1494,C,1D Sokoban,1900
1492,D,Genius's Gambit,1900
1492,C,Maximum width,1500
1491,D,Zookeeper and The Infinite Zoo,1800
1491,C,Pekora and Trampoline,1700
1490,G,Old Floppy Drive ,1900
1490,F,Equalize the Array,1500
1488,D,Problemsolving Marathon,1900
1488,C,Two Policemen,1900
1488,B,RBS Deletion,1800
1487,D,Pythagorean Triples,1500
1487,C,Minimum Ties,1500
1486,C2,Guessing the Greatest (hard version),1900
1486,C1,Guessing the Greatest (easy version),1600
1486,B,Eastern Exhibition,1500
1485,C,Floor and Mod,1700
1482,D,Playlist,1900
1482,C,Basic Diplomacy,1600
1482,B,Restore Modulo,1500
1481,C,Fence Painting,1600
1479,B1,Painting the Array I,1900
1479,A,Searching Local Minimum,1700
1478,C,Nezzar and Symmetric Array,1700
1477,B,Nezzar and Binary String,1900
1477,A,Nezzar and Board,1800
1476,D,Journey,1700
1476,C,Longest Simple Cycle,1600
1475,G,Strange Beauty,1900
1475,F,Unusual Matrix,1900
1475,E,Advertising Agency,1600
1475,D,Cleaning the Phone,1800
1474,C,Array Destruction,1700
1473,D,Program,1700
1473,C,No More Inversions,1500
1472,E,Correct Placement,1700
1470,B,Strange Definition,1900
1469,D,Ceil Divisions,1700
1469,C,Building a Fence,1600
1468,K,The Robot,1600
1468,J,Road Reform,1800
1468,F,Full Turn,1700
1468,D,Firecrackers,1700
1467,C,Three Bags,1900
1467,B,Hills And Valleys,1700
1466,E,Apollo versus Pan,1800
1466,D,13th Labour of Heracles,1500
1463,D,Pairs,1900
1463,C,Busy Robot,1800
1462,F,The Treasure of The Segments,1800
1462,E2,Close Tuples (hard version),1700
1462,E1,Close Tuples (easy version),1500
1461,D,Divide and Summarize,1600
1461,C,Random Events,1500
1458,A,Row GCD,1600
1455,D,Sequence and Swaps,1600
1453,D,Checkpoints,1900
1453,C,Triangles,1700
1452,D,Radio Towers,1600
1451,D,Circle Game,1700
1450,D,Rating Compression,1800
1446,B,Catching Cheaters,1800
1444,B,Divide and Sum,1900
1444,A,Division,1500
1442,B,Identify the Operations,1800
1442,A,Extreme Subtraction,1800
1439,A2,Binary Table (Hard Version),1900
1439,A1,Binary Table (Easy Version),1500
1437,D,Minimal Height Tree,1600
1437,C,Chef Monocarp,1800
1436,D,Bandit in a City,1900
1436,C,Binary Search,1500
1431,D,Used Markers,1500
1431,C,Black Friday,1600
1430,E,String Reversal,1900
1430,D,String Deletion,1700
1428,D,Bouncing Boomerangs,1900
1426,E,"Rock, Paper, Scissors",1800
1426,D,Non-zero Segments,1500
1423,K,Lonely Numbers,1600
1423,B,Valuable Paper,1900
1422,C,Bargain,1700
1421,D,Hexagons,1900
1420,D,Rescue Nibel!,1800
1419,D2,Sage's Birthday (hard version),1500
1419,C,Killjoy,1500
1418,C,Mortal Kombat Tower,1500
1416,A,k-Amazing Numbers,1500
1413,D,Shurikens,1700
1413,C,Perform Easily,1900
1411,C,Peaceful Rooks,1700
1409,E,Two Platforms,1800
1409,D,Decrease the Sum of Digits,1500
1408,C,Discrete Acceleration,1500
1407,C,Chocolate Bunny,1600
1406,C,Link Cut Centroids,1700
1404,B,Tree Tag,1900
1404,A,Balanced Bitstring,1500
1402,A,Fancy Fence,1800
1401,D,Maximum Distributed Tree,1800
1400,D,Zigzags,1900
1400,C,Binary String Reconstruction,1500
1400,B,RPG Protagonist,1700
1399,D,Binary String To Subsequences,1500
1398,D,Colored Rectangles,1800
1398,C,Good Subarrays,1600
1397,B,Power Sequence,1500
1396,B,Stoned Game,1800
1396,A,Multiples of Length,1600
1395,C,Boboniu and Bit Operations,1600
1394,A,Boboniu Chats with Du,1800
1393,C,Pinkie Pie Eats Patty-cakes,1700
1392,D,Omkar and Bed Wars,1700
1391,C,Cyclic Permutations ,1500
1389,C,Good String,1500
1389,B,Array Walk,1600
1388,C,Uncle Bogdan and Country Happiness,1800
1385,D,a-Good String,1500
1384,B1,Koa and the Beach (Easy Version),1900
1383,B,GameGame,1900
1383,A,String Transformation 1,1700
1381,B,Unmerge,1800
1381,A2,Prefix Flip (Hard Version),1700
1379,B,Dubious Cyrpto,1500
1379,A,Acacius and String,1500
1375,D,Replace by MEX,1900
1374,E1,Reading Books (easy version),1600
1373,D,Maximum Sum on Even Positions,1600
1372,C,Omkar and Baseball,1500
1371,E1,Asterism (Easy Version),1900
1371,D,Grid-00100,1600
1369,D,TediousLee,1900
1368,D,"AND, OR and square sum",1700
1368,C,Even Picture,1500
1368,B,Codeforces Subsequences,1500
1367,E,Necklace Assembly,1900
1367,D,Task On The Board,1800
1366,C,Palindromic Paths,1500
1365,E,Maximum Subsequence Value,1900
1365,D,Solve The Maze,1700
1364,C,Ehab and Prefix MEXs,1600
1363,C,Game On Leaves,1600
1361,B,Johnny and Grandmaster,1900
1361,A,Johnny and Contribution,1700
1360,G,A/B Matrix,1900
1360,F,Spy-string,1700
1359,C,Mixing Water,1700
1358,D,The Best Vacation,1900
1358,C,Celex Update,1600
1355,C,Count Triangles,1800
1354,D,Multiset,1900
1353,E,K-periodic Garland,1900
1353,D,Constructing the Array,1600
1352,G,Special Permutation,1600
1352,F,Binary String Reconstruction,1500
1352,E,Special Elements,1500
1349,A,Orac and LCM,1600
1348,D,Phoenix and Science,1900
1348,C,Phoenix and Distribution,1600
1346,E,Magic Tricks,1700
1346,D,Constructing the Dungeon,1600
1346,C,Spring Cleaning,1600
1344,A,Hilbert's Hotel,1600
1343,D,Constant Palindrome Sum,1700
1342,D,Multiple Testcases,1900
1342,C,Yet Another Counting Problem,1600
1340,B,Nastya and Scoreboard,1700
1340,A,Nastya and Strange Generator,1500
1338,B,Edge Weight Assignment,1800
1338,A,Powered Addition,1500
1336,B,Xenia and Colorful Gems,1700
1336,A,Linova and Kingdom,1600
1335,E2,Three Blocks Palindrome (hard version),1800
1335,E1,Three Blocks Palindrome (easy version),1700
1334,D,Minimum Euler Cycle,1800
1334,C,Circle of Monsters,1600
1333,C,Eugene and an array,1700
1332,D,Walk on Matrix,1700
1332,C,K-Complete Word,1500
1329,B,Dreamoon Likes Sequences,1700
1329,A,Dreamoon Likes Coloring,1800
1328,E,Tree Queries,1900
1328,D,Carousel,1800
1327,E,Count The Blocks,1800
1327,C,Game with Chips,1600
1326,D2,Prefix-Suffix Palindrome (Hard version),1800
1326,D1,Prefix-Suffix Palindrome (Easy version),1500
1325,D,Ehab the Xorcist,1700
1325,C,Ehab and Path-etic MEXs,1500
1324,F,Maximum White Subtree,1800
1324,E,Sleeping Schedule,1700
1323,B,Count Subrectangles,1500
1321,C,Remove Adjacent,1600
1320,B,Navigation System,1700
1316,C,Primitive Primes,1800
1313,C2,Skyscrapers (hard version),1900
1313,C1,Skyscrapers (easy version),1500
1313,B,Different Rules,1700
1312,D,Count the Arrays,1700
1310,A,Recommendations,1700
1307,D,Cow and Fields,1900
1307,C,Cow and Message,1500
1305,D,Kuroni and the Celebration,1900
1305,C,Kuroni and Impossible Calculation,1600
1304,D,Shortest and Longest LIS,1800
1304,C,Air Conditioner,1500
1303,D,Fill The Bag,1900
1303,C,Perfect Keyboard,1600
1301,C,Ayoub's function,1700
1301,B,Motarack's Birthday,1500
1299,B,Aerodynamic,1800
1299,A,Anu Has a Function,1500
1296,E1,String Coloring (easy version),1800
1296,D,Fight with Monsters,1500
1296,C,Yet Another Walking Robot,1500
1295,D,Same GCDs,1800
1295,C,Obtain The String,1600
1295,B,Infinite Prefixes,1700
1294,E,Obtain a Permutation,1900
1294,D,MEX maximizing,1600
1292,B,Aroma's Search,1700
1290,B,Irreducible Anagrams,1800
1290,A,Mind Control,1600
1288,C,Two Arrays,1600
1287,B,Hyperset,1500
1286,B,Numbers on Tree,1800
1286,A,Garland,1800
1285,D,Dr. Evil Underscores,1900
1284,C,New Year and Permutation,1600
1283,E,New Year Parties,1800
1283,D,Christmas Trees,1800
1283,C,Friends and Gifts,1500
1282,C,Petya and Exam,1800
1282,B2,K for the Price of One (Hard Version),1600
1281,B,Azamon Web Services,1600
1280,B,Beingawesomeism,1800
1280,A,Cut and Paste,1700
1279,D,Santa's Bot,1700
1278,C,Berry Jam,1700
1278,B,A and B,1500
1277,D,Let's Play the Words?,1900
1276,B,Two Fairs,1900
1272,E,Nearest Opposite Parity,1900
1272,D,Remove One Element,1500
1270,D,Strange Device,1900
1269,B,Modulo Equality,1500
1268,A,Long Beautiful Integer,1700
1267,L,Lexicography,1800
1267,J,Just Arrange the Icons,1800
1267,E,Elections,1700
1264,B,Beautiful Sequence,1900
1264,A,Beautiful Regional Contest,1500
1263,D,Secret Passwords,1500
1260,D,A Game with Traps,1900
1260,C,Infinite Fence,1700
1257,D,Yet Another Monster Killing Problem,1700
1256,D,Binary String Minimizing,1500
1256,C,Platforms Jumping,1700
1255,C,League of Leesins,1600
1254,B1,Send Boxes to Alice (Easy Version),1800
1254,A,Feeding Chicken,1700
1253,D,Harmonious Graph,1700
1253,C,Sweets Eating,1500
1252,H,Twin Buildings,1800
1252,C,Even Path,1600
1251,D,Salary Changing,1900
1251,C,Minimize The Integer,1600
1250,L,Divide The Students,1500
1250,J,The Parade,1800
1250,H,Happy Birthday,1500
1250,B,The Feast and the Bus,1800
1249,E,By Elevator or Stairs?,1700
1249,D2,Too Many Segments (hard version),1800
1249,D1,Too Many Segments (easy version),1800
1249,C2,Good Numbers (hard version),1500
1245,D,Shichikuji and Power Grid,1900
1244,D,Paint the Tree,1800
1243,B2,Character Swap (Hard Version),1600
1242,B,0-1 MST,1900
1242,A,Tile Painting,1500
1239,A,Ivan the Fool and the Probability Theory,1700
1238,D,AB-string,1900
1238,C,Standard Free2play,1600
1237,C2,Balanced Removals (Harder),1900
1237,C1,Balanced Removals (Easier),1700
1236,B,Alice and the List of Presents,1500
1234,D,Distinct Characters Queries,1600
1234,C,Pipes,1500
1228,D,Complete Tripartite,1900
1228,C,Primes and Multiplication,1700
1227,D2,Optimal Subsequences (Hard Version),1800
1227,D1,Optimal Subsequences (Easy Version),1600
1227,C,Messy,1700
1225,D,Power Products,1800
1225,C,p-binary,1600
1223,C,Save the Nature,1600
1221,D,Make The Fence Great Again,1800
1220,D,Alex and Julian,1900
1219,C,Periodic integer number,1700
1218,F,Workout plan,1500
1217,C,The Number Of Good Substrings,1700
1217,B,Zmei Gorynich,1600
1216,E1,Numerical Sequence (easy version),1900
1216,C,White Sheet,1700
1215,D,Ticket Game,1700
1215,C,Swap Letters,1500
1214,D,Treasure Island,1900
1213,G,Path Queries,1800
1213,E,Two Small Strings,1900
1213,D2,Equalizing by Division (hard version),1600
1213,D1,Equalizing by Division (easy version),1500
1211,C,Ice Cream,1700
1211,B,Traveling Around the Golden Ring of Berland,1500
1210,B,Marcin and Training Camp,1700
1210,A,Anadi and Domino,1700
1209,D,Cow and Snacks,1700
1209,C,Paint the Digits,1500
1208,D,Restore Permutation,1900
1208,C,Magic Grid,1800
1208,B,Uniqueness,1500
1207,E,XOR Guessing,1900
1207,D,Number Of Permutations,1800
1207,C,Gas Pipeline,1500
1205,B,Shortest Cycle,1900
1204,C,"Anna, Svyatoslav and Maps",1700
1203,E,Boxers,1500
1203,D2,Remove the Substring (hard version),1700
1203,D1,Remove the Substring (easy version),1600
1202,D,Print a 1337-string...,1900
1202,B,You Are Given a Decimal String...,1700
1201,B,Zero Array,1500
1200,D,White Lines,1900
1198,B,Welfare State,1600
1198,A,MP3,1600
1197,D,Yet Another Subarray Problem,1900
1196,E,Connected Component on a Chessboard,1800
1196,D2,RGB Substring (hard version),1600
1196,D1,RGB Substring (easy version),1500
1196,C,Robot Breakout,1500
1195,D2,Submarine in the Rybinsk Sea (hard edition),1800
1195,D1,Submarine in the Rybinsk Sea (easy edition),1500
1194,D,1-2-K Game,1700
1190,B,"Tokitsukaze, CSL and Stone Game",1800
1188,A1,Add on a Tree,1600
1187,C,Vasya And Array,1800
1186,D,Vus the Cossack and Numbers,1500
1186,C,Vus the Cossack and Strings,1800
1185,D,Extra Element,1700
1185,C2,Exam in BerSU (hard version),1700
1184,E1,Daleks' Invasion (easy),1900
1184,D1,Parallel Universes (Easy),1600
1184,C1,Heidi and the Turing Test (Easy),1600
1182,C,Beautiful Lyrics,1700
1181,C,Flag,1900
1181,B,Split a Number,1500
1180,B,Nick and Array,1500
1179,B,Tolik and His Uncle,1800
1179,A,Valeriy and Deque,1500
1178,E,Archaeology,1900
1178,D,Prime Graph,1500
1177,B,Digits Sequence (Hard Edition),1800
1176,E,Cover it!,1700
1176,D,Recover it!,1800
1175,D,Array Splitting,1900
1175,C,Electrification,1600
1175,B,Catch Overflow!,1600
1174,D,Ehab and the Expected XOR Problem,1900
1172,A,Nauuo and Cards,1800
1169,B,Pairs,1500
1168,B,Good Triple,1900
1168,A,Increasing by Modulo,1700
1167,D,Bicolored RBS,1500
1166,C,A Tale of Two Lands,1500
1165,E,Two Arrays and Sum of Functions,1600
1165,D,Almost All Divisors,1600
1163,C2,Power Transmission (Hard Edition),1900
1163,C1,Power Transmission (Easy Edition),1900
1163,B2,Cat Party (Hard Edition),1600
1163,B1,Cat Party (Easy Edition),1500
1158,A,The Party and Sweets,1500
1157,E,Minimum Array,1700
1157,D,N Problems During K Days,1900
1157,C2,Increasing Subsequence (hard version),1700
1156,B,Ugly Pairs,1800
1155,D,Beautiful Array,1900
1154,E,Two Teams,1800
1154,D,Walking Robot,1500
1153,D,Serval and Rooted Tree,1900
1153,C,Serval and Parenthesis Sequence,1700
1152,C,Neko does Maths,1800
1151,D,Stas and the Queue at the Buffet,1600
1151,C,Problem for Nazar,1800
1151,B,Dima and a Bad XOR,1600
1148,D,Dirty Deeds Done Dirt Cheap,1800
1148,C,Crazy Diamond,1700
1148,B,Born This Way,1600
1147,B,Chladni Figure,1900
1147,A,Hide and Seek,1500
1146,C,Tree Diameter,1700
1144,F,Graph Without Long Directed Paths,1700
1144,E,Median String,1900
1142,A,The Beatles,1700
1141,G,Privatization of Roads in Treeland,1900
1141,F2,Same Sum Blocks (Hard),1900
1141,F1,Same Sum Blocks (Easy),1900
1141,E,Superhero Battle,1700
1141,D,Colored Boots,1500
1141,C,Polycarp Restores Permutation,1500
1140,C,Playlist,1600
1139,C,Edgy Trees,1500
1138,B,Circus,1800
1137,B,Camp Schedule,1600
1137,A,Skyscrapers,1600
1136,D,Nastya Is Buying Lunch,1800
1136,C,Nastya Is Transposing Matrices,1500
1133,F2,Spanning Tree with One Fixed Degree,1900
1133,F1,Spanning Tree with Maximum Degree,1600
1133,E,K Balanced Teams,1800
1133,D,Zero Quantity Maximization,1500
1132,C,Painting the Fence,1700
1131,F,Asya And Kittens,1700
1129,A2,Toy Train,1800
1129,A1,Toy Train (Simplified),1700
1121,C,System Testing,1600
1120,A,Diana and Liana,1900
1119,E,Pavel and Triangles,1900
1119,D,Frets On Fire,1800
1119,C,Ramesses and Corner Inversion,1500
1118,F1,Tree Cutting (Easy Version),1800
1118,E,Yet Another Ball Problem,1700
1118,D2,Coffee and Coursework (Hard Version),1700
1118,D1,Coffee and Coursework (Easy version),1700
1118,C,Palindromic Matrix,1700
1117,C,Magic Ship,1900
1115,U3,Block unitary,1700
1115,U2,Chessboard unitary,1600
1115,U1,Anti-diagonal unitary,1500
1115,G3,Palindrome checker oracle,1600
1115,G2,OR oracle,1600
1114,D,Flood Fill,1900
1114,C,Trailing Loves (or L'oeufs?),1700
1114,B,Yet Another Array Partitioning Task,1500
1111,C,Creative Snap,1700
1111,B,Average Superhero Gang Power ,1700
1110,C,Meaningless Operations,1500
1109,B,Sasha and One More Name,1800
1109,A,Sasha and a Bit of Relax,1600
1108,E1,Array and Segments (Easy version),1800
1107,D,Compression,1800
1106,D,Lunar New Year and a Wander,1500
1106,B,Lunar New Year and Food Ordering,1500
1105,D,Kilani and the Game,1900
1105,C,Ayoub and Lost Array,1500
1102,E,Monotonic Renumeration,1700
1102,D,Balanced Ternary String,1500
1101,E,Polycarp's New Job,1500
1101,C,Division and Union,1500
1098,A,Sum in the tree,1600
1096,D,Easy Problem,1800
1096,C,Polygon for the Angle,1600
1095,F,Make It Connected,1900
1095,E,Almost Regular Bracket Sequence,1900
1095,D,Circular Dance,1600
1093,D,Beautiful Graph,1700
1092,F,Tree with Maximum Cost,1900
1092,C,Prefixes and Suffixes,1700
1091,D,New Year and the Permutation Concatenation,1700
1090,D,Similar Arrays,1800
1090,B,LaTeX Expert,1900
1089,G,Guest Student,1500
1089,F,Fractions,1900
1089,E,Easy Chess,1700
1085,D,Minimum Diameter Tree,1700
1085,C,Connect Three,1600
1084,C,The Fair Nut and String,1500
1083,A,The Fair Nut and the Best Path,1800
1082,D,Maximum Diameter Graph,1800
1082,C,Multi-Subject Competition,1600
1082,B,Vova and Trophies,1600
1081,E,Missing Numbers,1900
1081,D,Maximum Distance,1800
1081,C,Colorful Bricks,1500
1081,B,Farewell Party,1500
1080,C,Masha and two friends,1500
1077,F1,Pictures with Kittens (easy version),1900
1077,E,Thematic Contests,1800
1077,D,Cutting Out,1600
1076,E,Vasya and a Tree,1900
1076,D,Edge Deletion,1800
1073,D,Berland Fair,1700
1073,C,Vasya and Robot,1800
1070,H,BerOS File Suggestion,1500
1070,F,Debate,1500
1068,C,Colored Rooks,1700
1067,B,Multihedgehog,1800
1067,A,Array Without Local Maximums ,1900
1066,E,Binary Numbers AND Sum,1700
1066,D,Boxes Packing,1800
1066,B,Heaters,1500
1065,C,Make It Equal,1600
1063,C,"Dwarves, Hats and Extrasensory Abilities",1900
1063,B,Labyrinth,1800
1062,D,Fun with Integers,1800
1062,C,Banh-mi,1600
1062,B,Math,1500
1061,C,Multiplicity,1700
1060,D,Social Circles,1900
1060,C,Maximum Subrectangle,1600
1059,C,Sequence Transformation,1600
1056,D,Decorate Apple Tree,1600
1056,C,Pick Heroes,1700
1056,B,Divide Candies,1600
1055,C,Lucky Days,1900
1054,D,Changing Array,1900
1054,C,Candies Distribution,1500
1051,D,Bicolorings,1700
1051,C,Vasya and Multisets,1500
1045,I,Palindrome Pairs,1600
1044,B,Intersecting Subtrees,1900
1044,A,The Tower is Going Home,1700
1043,E,"Train Hard, Win Easy",1900
1043,D,Mysterious Crime,1700
1043,C,Smallest Word,1500
1042,D,Petya and Array,1800
1042,C,Array Product,1700
1041,E,Tree Reconstruction,1900
1041,D,Glider,1700
1041,C,Coffee Break,1600
1038,D,Slime,1800
1037,D,Valid BFS?,1700
1036,D,Vasya and Arrays,1600
1036,B,Diagonal Walking v.2,1600
1034,A,Enlarge GCD,1800
1033,C,Permutation Game,1600
1032,D,Barcelonian Distance,1900
1032,C,Playing Piano,1700
1031,D,Minimum path,1900
1031,C,Cram Time,1600
1031,B,Curiosity Has No Limits,1500
1030,D,Vasya and Triangle,1800
1029,D,Concatenated Multiples,1900
1029,C,Maximal Intersection,1600
1028,C,Rectangles,1600
1027,D,Mouse Hunt,1700
1027,C,Minimum Value Rectangle,1600
1025,C,Plasticine zebra,1600
1025,B,Weakened Common Divisor,1600
1023,D,Array Restoration,1700
1019,A,Elections,1700
1017,D,The Wu,1900
1017,C,The Phone Number,1600
1016,D,Vasya And The Matrix,1800
1016,C,Vasya And The Mushrooms,1800
1015,E2,Stars Drawing (Hard Edition),1900
1015,E1,Stars Drawing (Easy Edition),1700
1015,D,Walking Between Houses,1600
1012,C,Hills,1900
1012,B,Chemical table,1900
1012,A,Photo of The Sky,1500
1010,C,Border,1800
1010,B,Rocket,1800
1010,A,Fly,1500
1009,D,Relatively Prime Graph,1700
1009,C,Annoying Present,1700
1006,E,Military Problem,1600
1006,D,Two Strings Swaps,1700
1005,E1,Median on Segments (Permutations Edition),1800
1005,D,Polycarp and Div 3,1500
1003,D,Coins and Queries,1600
1002,E2,Another array reconstruction algorithm,1900
1002,E1,Bernstein-Vazirani algorithm,1500
1002,D3,Oracle for majority function,1600
1002,C2,Distinguish zero state and plus state without errors,1800
1002,C1,Distinguish zero state and plus state with minimum error,1700
1002,B4,Distinguish four 2-qubit states - 2,1700
1002,B3,Distinguish four 2-qubit states,1600
1002,B2,Distinguish GHZ state and W state,1600
1002,A4,Generate W state,1900
1002,A3,Generate superposition of two basis states,1500
1001,I,Deutsch-Jozsa algorithm,1700
1001,E,Distinguish Bell states,1600
1000,D,Yet Another Problem On a Subsequence,1900
1000,C,Covered Points Count,1700
1000,B,Light It Up,1500
999,D,Equalize the Remainders,1900
997,A,Convert to Ones,1500
993,B,Open Communication,1900
993,A,Two Squares,1600
992,C,Nastya and a Wardrobe,1600
992,B,Nastya Studies Informatics,1600
991,E,Bus Number,1800
991,D,Bishwock,1500
991,C,Candies,1500
990,D,Graph And Its Complement,1700
990,C,Bracket Sequences Concatenation Problem,1500
989,C,A Mist of Florescence,1800
988,D,Points and Powers of Two,1800
986,B,Petr and Permutations,1800
986,A,Fair,1600
985,C,Liebig's Barrels,1500
983,B,XOR-pyramid,1800
983,A,Finite or not?,1700
982,D,Shark,1900
982,C,Cut 'em all!,1500
981,D,Bookshelves,1900
980,C,Posterized,1700
980,B,Marlin,1600
979,C,Kuro and Walking Route,1600
979,B,Treasure Hunt,1800
978,G,Petya's Exams,1700
978,F,Mentors,1500
978,D,Almost Arithmetic Progression,1500
977,F,Consecutive Subsequence,1700
977,E,Cyclic Components,1500
976,C,Nested Segments,1500
965,D,Single-use Stones,1900
963,A,Alternating Sum,1800
962,D,Merge Equals,1600
961,E,Tufurama,1900
960,C,Subsequence Counting,1700
960,B,Minimize the error,1500
959,E,Mahmoud and Ehab and the xor-MST,1900
959,D,Mahmoud and Ehab and another array construction task,1900
959,C,Mahmoud and Ehab and the wrong algorithm,1500
958,F2,Lightsabers (medium),1800
958,F1,Lightsabers (easy),1500
958,E1,Guard Duty (easy),1600
954,D,Fight Against Traffic,1600
954,C,Matrix Walk,1700
952,D,I'm Feeling Lucky!,1800
952,C,Ravioli Sort,1600
952,B,A Map of the Cat,1900
949,C,Data Center Maintenance,1900
949,B,A Leapfrog in the Array,1700
949,A,Zebras,1600
946,D,Timetable,1800
940,D,Alena And The Heater,1600
940,C,Phone Numbers,1500
939,E,Maximize!,1800
939,D,Love Rescue,1600
939,C,Convenient For Everybody,1600
938,C,Constructing Tests,1700
936,A,Save Energy!,1700
935,D,Fafa and Ancient Alphabet,1900
935,C,Fifa and Fafa,1600
933,A,A Twisty Movement,1800
932,C,Permutation Cycle,1600
931,C,Laboratory Work,1700
930,C,Teodor is not a liar!,1900
930,B,Game with String,1600
930,A,Peculiar apple-tree,1500
929,C,Красивая команда,1700
928,D,Autocompletion,1900
928,C,Dependency management,1900
926,I,A Vital Problem,1700
926,G,Large Bouquets,1500
926,E,Merge Equal Elements,1900
926,D,Choose Place,1600
926,C,Is This a Zebra?,1700
926,B,Add Points,1800
925,B,Resource Distribution,1700
925,A,Stairs and Elevators,1600
924,C,Riverside Curio,1700
924,B,Three-level Laser,1600
923,C,Perfect Security,1800
923,B,Producing Snow,1600
923,A,Primal Sport,1700
922,D,Robot Vacuum Cleaner,1800
922,C,Cave Painting,1600
919,D,Substring,1700
917,B,MADMAX,1700
917,A,The Monster,1800
916,C,Jamie and Interesting Graph,1600
915,C,Permute Digits,1700
914,D,Bash and a Tough Math Puzzle,1900
914,C,Travelling Salesman and Special Numbers,1800
913,D,Too Easy Problems,1800
913,C,Party Lemonade,1600
911,D,Inversion Counting,1800
910,C,Minimum Sum,1700
910,B,Door Frames,1600
909,E,Coprocessor,1900
908,C,New Year and Curling,1500
906,A,Shockers,1600
901,A,Hashing Trees,1500
900,C,Remove Extra One,1700
899,D,Shovel Sale,1800
898,E,Squares and not squares,1600
898,D,Alarm Clock,1600
896,A,Nephren gives a riddle,1700
895,B,XK Segments,1700
894,C,Marco and GCD Sequence,1900
894,B,Ralph And His Magic Field,1800
893,D,Credit Card,1900
891,A,Pride,1500
888,E,Maximum Subsequence,1800
888,D,Almost Identity Permutations,1600
887,C,Solution for Cube,1500
884,C,Bertown Subway,1500
883,K,Road Widening,1800
883,I,Photo Processing,1900
883,H,Palindromic Cut,1800
883,G,Orientation of Edges,1900
883,E,Field of Wonders,1500
878,A,Short Program,1600
877,C,Slava and tanks,1600
877,B,Nikita and string,1500
875,B,Sorting the Coins,1500
873,D,Merge Sort,1800
873,C,Strange Game On Matrix,1600
873,B,Balanced Substring,1500
869,C,The Intriguing Obsession,1800
868,C,Qualification Rounds,1500
865,B,Ordering Pizza,1900
864,D,Make a Permutation!,1500
864,C,Bus,1500
863,D,Yet Another Array Queries Problem,1800
863,C,1-2-3,1800
863,B,Kayaking,1500
862,C,Mahmoud and Ehab and the xor,1900
859,C,Pie Rules,1500
858,D,Polycarp's phone book,1600
858,C,Did you mean...,1500
858,B,Which floor?,1500
856,A,Set Theory,1600
855,B,Marvolo Gaunt's Ring,1500
853,B,Jury Meeting,1800
853,A,Planning,1500
852,G,Bathroom terminal,1700
850,A,Five Dimensional Points,1700
849,B,Tell Your World,1600
848,B,Rooter's Song,1900
848,A,From Y to Y,1600
847,K,Travel Cards,1800
847,I,Noise Level,1900
847,H,Load Testing,1600
847,E,Packmen,1800
847,C,Sum of Nestings,1800
847,B,Preparing for Merge Sort,1600
847,A,Union of Doubly Linked Lists,1500
846,F,Random Query,1800
846,D,Monitor,1900
846,C,Four Segments,1800
846,B,Math Show,1800
846,A,Curriculum Vitae,1500
845,D,Driving Test,1800
845,C,Two TVs,1500
845,B,Luba And The Ticket,1600
839,C,Journey,1500
839,B,Game of the Rows,1900
837,C,Two Seals,1500
837,B,Flag of Berland,1600
835,D,Palindromic characteristics,1900
835,C,Star sky,1600
833,A,The Meaningless Game,1700
832,D,"Misha, Grisha and Underground",1900
832,B,Petya and Exam,1600
831,C,Jury Marks,1700
830,B,Cards Sorting,1600
830,A,Office Keys,1800
827,B,High Load,1800
827,A,String Reconstruction,1700
825,D,Suitable Replacement,1500
825,C,Multi-judge Solving,1600
825,B,Five-In-a-Row,1600
822,D,My pretty girl Noora,1800
822,C,"Hacker, pack your bags!",1600
821,C,Okabe and Boxes,1500
819,B,Mister B and PR Shifts,1900
818,E,Card Game Again,1900
818,D,Multicolored Cars,1700
818,B,Permutation Game,1600
817,D,Imbalanced Array,1900
817,C,Really Big Numbers,1600
817,B,Makes And The Product,1500
815,A,Karen and Game,1700
814,C,An impassioned circulation of affection,1600
813,C,The Tag Game,1700
813,B,The Golden Age,1800
812,C,Sagheer and Nubian Market,1500
812,B,"Sagheer, the Hausmeister",1600
811,C,Vladik and Memorable Trip,1900
809,A,Do you want a date?,1500
808,D,Array Division,1900
803,D,Magazine Ad,1900
803,C,Maximal GCD,1900
802,B,Heidi and Library (medium),1800
802,A,Heidi and Library (easy),1800
799,C,Fountains,1800
798,C,Mike and gcd problem,1700
797,C,Minimal string,1700
796,C,Bank Hacking,1900
794,C,Naming Company,1800
793,B,Igor and his way to work,1600
792,D,Paths in a Complete Binary Tree,1900
789,B,Masha and geometric depression,1700
788,A,Functions again,1600
785,C,Anton and Fairy Tale,1600
784,F,Crunching Numbers Just for You,1900
784,D,Touchy-Feely Palindromes,1900
784,C,INTERCALC,1800
784,A,Numbers Joke,1700
780,D,Innokenty and a Football League,1900
780,C,Andryusha and Colored Balloons,1600
780,B,The Meeting Place Cannot Be Changed,1600
778,B,Bitwise Formula,1800
778,A,String Game,1700
777,D,Cloud of Hashtags,1800
777,C,Alyona and Spreadsheet,1600
776,C,Molly's Chemicals,1800
774,K,Stepan and Vowels,1600
774,D,Lie or Truth,1500
773,A,Success Rate,1700
772,B,Volatile Kite,1800
772,A,Voltage Keepsake,1800
771,B,Bear and Different Names,1500
771,A,Bear and Friendship Condition,1500
770,C,Online Courses In BSU,1500
769,D,k-Interesting Pairs Of Integers,1700
769,C,Cycle In Maze,1700
768,C,Jon Snow and his Favourite Number,1800
768,B,Code For 1,1600
766,C,Mahmoud and a Message,1700
765,D,Artsem and Saunders,1700
761,D,Dasha and Very Difficult Problem,1700
761,C,Dasha and Password,1500
760,B,Frodo and pillows,1500
758,C,Unfair Poll,1700
757,C,Felicity is Coming!,1900
756,B,Travel Card,1600
756,A,Pavel and barbecue,1700
753,B,Interactive Bulls and Cows (Easy),1600
750,D,New Year and Fireworks,1900
750,C,New Year and Rating,1600
749,C,Voting,1500
748,B,Santa Claus and Keyboard Check,1500
747,E,Comments,1700
747,D,Winter Is Coming,1800
746,E,Numbers Exchange,1900
746,D,Green and Black Tea,1500
746,C,Tram,1600
744,B,Hongcow's Game,1900
744,A,Hongcow Builds A Nation,1500
743,D,Chloe and pleasant prizes,1800
743,C,Vladik and fractions,1500
742,B,Arpa’s obvious problem and Mehrdad’s terrible solution,1500
741,B,Arpa's weak amphitheater and Mehrdad's valuable Hoses,1600
741,A,Arpa's loud Owf and Mehrdad's evil plan,1600
739,B,Alyona and a tree,1900
739,A,Alyona and mex,1700
735,D,Taxes,1600
735,C,Tennis Championship,1600
734,D,Anton and Chess,1700
734,C,Anton and Making Potions,1600
733,D,Kostya the Sculptor,1600
733,C,Epidemic in Monstropolis,1800
732,D,Exams,1700
731,F,Video Cards,1900
731,C,Socks,1600
730,J,Bottles,1900
730,G,Car Repair Shop,1600
730,B,Minimum and Maximum,1800
730,A,Toda 2,1800
729,E,Subordinates,1900
729,D,Sea Battle,1700
729,C,Road to Cinema,1700
727,D,T-shirts Distribution,1800
727,B,Bill Total Value,1600
725,D,Contest Balloons,1800
725,C,Hidden Word,1600
724,D,Dense Subsequence,1900
724,C,Ray Tracing,1800
724,B,Batch Sort,1500
723,D,Lakes in Berland,1600
723,C,Polycarp at the Radio,1600
722,D,Generating Sets,1900
721,C,Journey,1800
718,A,Efim and Strange Grade,1700
717,E,"Paint it really, really dark gray",1900
717,D,Dexterina’s Lab,1900
715,A,Plus and Square Root,1600
712,C,Memory and De-Evolution,1600
711,D,Directed Roads,1900
711,C,Coloring Trees,1700
710,C,Magic Odd Square,1500
709,B,Checkpoints,1500
708,B,Recover the String,1900
707,C,Pythagorean Triples,1500
706,C,Hard problem,1600
704,A,Thor,1600
702,D,Road to Post Office,1900
702,C,Cellular Network,1500
702,B,Powers of Two,1500
701,C,They Are Everywhere,1500
700,B,Connecting Universities,1800
700,A,As Fast As Possible,1900
698,B,Fix a Tree,1700
696,B,Puzzles,1700
696,A,Lorenzo Von Matterhorn,1500
691,E,Xor-sequences,1900
691,D,Swaps in Permutation,1700
691,C,Exponential notation,1800
691,B,s-palindrome,1600
690,E1,Photographs (I),1800
690,D2,The Wall (medium),1800
690,C2,Brain Network (medium),1500
690,B1,Recover Polygon (easy),1700
689,C,Mike and Chocolate Thieves,1700
689,B,Mike and Shortcuts,1600
687,C,The Values You Can Make,1900
687,B,Remainders Game,1800
687,A,NP-Hard Problem,1500
685,B,Kay and Snowflake,1900
685,A,Robbers' watch,1700
683,H,Exchange of Books,1900
683,G,The Fraction,1900
683,F,Reformat the String,1800
683,E,Hammer throwing,1800
683,C,Symmetric Difference,1600
683,B,The Teacher of Physical Education,1600
682,D,Alyona and Strings,1900
682,C,Alyona and the Tree,1600
681,C,Heap Operations,1600
678,D,Iterated Linear Function,1700
678,C,Joty and Chocolate,1600
678,B,The Same Calendar,1600
677,C,Vanya and Label,1500
676,C,Vasya and String,1500
676,B,Pyramid of Glasses,1500
675,D,Tree Construction,1800
671,A,Recycling Bottles,1800
670,E,Correct Bracket Sequence Editor,1700
670,D2,Magic Powder - 2,1500
666,A,Reberland Linguistics,1800
665,D,Simple Subset,1800
665,A,Buses Between Cities,1600
663,A,Rebus,1800
661,F,Primes in Interval,1900
661,B,Seasons,1900
660,D,Number of Parallelograms,1900
660,C,Hard Process,1600
659,E,New Reform,1600
659,D,Bicycle Race,1500
656,G,You're a Professional,1900
656,F,Ace It!,1900
656,B,Scrambled,1700
656,A,Da Vinci Powers,1900
653,C,Bear and Up-Down,1900
652,D,Nested Segments,1800
652,C,Foe Pairs,1800
650,B,Image Preview,1900
649,D,Дефрагментация памяти,1600
649,C,Печать условий,1500
648,D,Собачки и миски,1900
645,D,Robot Rapping Results Report,1800
645,C,Enduring Exodus,1600
644,B,Processing Queries,1700
643,B,Bear and Two Paths,1600
643,A,Bear and Colors,1500
641,C,Little Artem and Dance,1800
639,B,Bear and Forgotten Tree 3,1600
638,D,Three-dimensional Turtle Super Computer ,1800
638,C,Road Improvement,1800
638,B,Making Genome in Berland,1500
637,D,Running with Obstacles,1600
633,C,Spy Syndrome 2,1900
632,C,The Smallest String Concatenation,1700
631,C,Report,1700
630,Q,Pyramids,1700
630,M,Turn,1800
630,K,Indivisibility,1500
630,I,Parking Lot,1700
630,G,Challenge Pennants,1600
630,E,A rectangle,1900
627,B,Factory Repairs,1700
627,A,XOR Equation,1700
626,D,Jerry's Protest,1800
626,C,Block Towers,1600
625,A,Guest From the Past,1700
623,A,Graph and String,1800
622,D,Optimal Number Permutation,1900
622,C,Not Equal on a Segment,1700
621,C,Wet Shark and Flowers,1700
620,C,Pearls in a Row,1500
618,C,Constellation,1600
617,D,Polyline,1700
617,C,Watering Flowers,1600
616,D,Longest k-Good Segment,1600
616,C,The Labyrinth,1600
615,B,Longtail Hedgehog,1600
614,A,Link/Cut Tree,1500
613,B,Skills,1900
613,A,Peter and Snow Blower,1900
612,D,The Union of k-Segments,1800
611,C,New Year and Domino,1500
610,C,Harmony Analysis,1800
609,C,Load Balancing,1500
608,B,Hamming Distance Sum,1500
607,B,Zuma,1900
607,A,Chain Reaction,1600
606,B,Testing Robots,1600
605,B,Lazy Student,1700
605,A,Sorting Railway Cars,1600
603,B,Moodular Arithmetic,1800
603,A,Alternative Thinking,1600
601,A,The Two Routes,1600
600,C,Make Palindrome,1800
600,A,Extract Numbers,1600
599,D,Spongebob and Squares,1900
599,C,Day at the Beach,1600
599,B,Spongebob and Joke,1500
598,D,Igor In the Museum,1700
597,C,Subsequences,1900
597,B,Restaurant,1600
597,A,Divisibility,1600
596,C,Wilbur and Points,1700
595,B,Pasha and Phone,1600
593,B,Anton and Lines,1600
592,C,The Big Race,1800
590,A,Median Smoothing,1700
587,A,Duff and Weight Lifting,1500
585,B,Phillip and Trains,1700
585,A,Gennady the Dentist,1800
584,D,Dima and Lisa,1800
584,C,Marina and Vasya,1700
584,B,Kolya and Tanya ,1500
582,B,Once Again...,1900
582,A,GCD Table,1700
581,D,Three Logos,1700
580,D,Kefa and Dishes,1800
580,C,Kefa and Park,1500
578,B,"""Or"" Game",1700
578,A,A Problem about Polyline,1700
577,B,Modulo Sum,1900
576,A,Vasya and Petya's Game,1500
575,H,Bots,1800
575,D,Tablecity,1700
574,B,Bear and Three Musketeers,1500
573,B,Bear and Blocks,1600
570,C,Replacement,1600
569,A,Music,1500
568,B,Symmetric and Transitive,1900
568,A,Primes or Palindromes?,1600
567,D,One-Dimensional Battle Ships,1700
567,C,Geometric Progression,1700
566,F,Clique in the Divisibility Graph,1500
566,D,Restructuring Company,1900
559,B,Equivalent Strings,1700
559,A,Gerald's Hexagon,1600
558,C,Amr and Chemistry,1900
557,C,Arthur and Table,1900
557,B,Pasha and Tea,1500
555,A,Case of Matryoshkas,1500
553,B,Kyoya and Permutation,1900
553,A,Kyoya and Colored Balls,1500
552,D,Vanya and Triangles,1900
552,C,Vanya and Scales,1900
551,B,ZgukistringZ,1800
550,D,Regular Bridge,1900
549,D,Haar Features,1900
547,B,Mike and Feet,1900
546,D,Soldier and Number Game,1700
543,A,Writing Code,1800
540,D,Bad Luck Island,1900
540,B,School Marks,1700
538,D,Weird Chess,1800
538,C,Tourist's Notes,1600
535,D,Tavas and Malekas,1900
535,C,Tavas and Karafs,1900
534,D,Handshakes,1900
534,C,Polycarpus' Dice,1600
533,E,Correcting Mistakes,1800
533,C,Board Game,1700
530,E,Sum and product,1700
530,D,Set subtraction,1600
530,C,Diophantine equation,1500
530,B,String inside out,1600
530,A,Quadratic equation,1500
529,B,Group Photo 2 (online mirror version),1900
527,D,Clique Problem,1800
527,C,Glass Carving,1500
527,B,Error Correct System,1500
525,C,Ilya and Sticks,1600
524,C,The Art of Dealing with ATM,1900
524,B,Фото на память - 2 (round version),1700
524,A,"Возможно, вы знаете этих людей?",1600
523,D,Statistics of Recompressing Videos,1600
523,B,Mean Requests,1500
520,C,DNA Alignment,1500
519,D,A and B and Interesting Substrings,1800
518,D,Ilya and Escalator,1700
518,C,Anya and Smartphone,1600
518,A,Vitaly and Strings,1600
513,G1,Inversions problem,1800
513,B2,Permutations,1800
510,D,Fox And Jumping,1900
510,B,Fox And Two Dots,1500
508,C,Anya and Ghosts,1600
507,C,Guess Your Way Out!,1700
501,C,Misha and Forest,1500
500,D,New Year Santa Network,1900
500,C,New Year Book Reading,1600
500,B,New Year Permutation,1600
498,A,Crazy Town,1700
496,D,Tennis Game,1900
496,C,Removing Columns,1500
496,B,Secret Combination,1500
495,B,Modular Equations,1600
494,A,Treasure,1500
493,D,Vasya and Chess,1700
493,C,Vasya and Basketball,1600
492,D,Vanya and Computer Game,1800
490,D,Chocolate,1900
490,C,Hacking Cypher,1700
490,B,Queue,1500
489,D,Unbearable Controversy of Being,1700
488,B,Candy Boxes,1900
487,A,Fight the Monster,1800
486,C,Palindrome Transformation,1700
484,A,Bits,1700
483,B,Friends and Presents,1800
482,B,Interesting Array,1800
479,E,Riding in a Lift,1900
479,D,Long Jumps,1700
476,D,Dreamoon and Sets,1900
476,C,Dreamoon and Sums,1600
474,D,Flowers,1700
472,D,Design Tutorial: Inverse the Problem,1900
471,D,MUH and Cube Walls,1800
471,C,MUH and House of Cards,1700
470,E,Chessboard,1900
470,D,Caesar Cipher,1900
470,C,Eval,1900
470,B,Hexakosioihexekontahexaphobia,1800
468,A,24 Game,1500
467,C,George and Job,1700
466,C,Number of Ways,1700
464,A,No to Palindromes!,1700
463,D,Gargari and Permutations,1900
463,C,Gargari and Bishops,1900
460,C,Present,1700
460,B,Little Dima and Equation,1500
459,E,Pashmak and Graph,1900
459,D,Pashmak and Parmida's problem,1800
459,C,Pashmak and Buses,1900
457,B,Distributed Join,1900
457,A,Golden System,1700
455,B,A Lot of Games,1900
453,A,Little Pony and Expected Maximum,1600
452,D,"Washer, Dryer, Folder",1900
452,B,4-point polyline,1800
451,C,Predict Outcome of the Game,1700
449,A,Jzzhu and Chocolate,1700
448,C,Painting Fence,1900
446,A,DZY Loves Sequences,1600
444,A,DZY Loves Physics,1600
443,B,Kolya and Tandem Repeat,1500
442,B,Andrey and Problem,1800
442,A,Borya and Hanabi,1700
441,C,Valera and Tubes ,1500
440,C,One-Based Arithmetic,1800
440,B,Balancer,1600
439,D,Devu and his Brother,1700
439,C,Devu and Partitioning of the Array,1700
437,D,The Child and Zoo,1900
437,B,The Child and Set,1500
436,C,Dungeons and Candies,1800
436,A,Feed with Candy,1500
435,C,Cardiogram,1600
433,C,Ryouko's Memory Note,1800
432,C,Prime Swaps,1800
431,C,k-Tree,1600
430,A,Points and Segments (easy),1600
429,B,Working out,1600
427,C,Checkposts,1700
425,A,Sereja and Swaps,1500
424,C,Magic Formulas,1600
421,D,Bug in Code,1900
420,C,Bug in Code,1900
420,B,Online Meeting,1800
417,D,Cunning Gena,1900
417,A,Elimination,1500
416,C,Booking System,1600
415,B,Mashmokh and Tokens,1500
414,A,Mashmokh and Numbers,1500
412,E,E-mail Addresses,1900
411,C,Kicker,1700
411,B,Multi-core Processor,1600
409,H,A + B Strikes Back,1500
409,F,000001,1900
409,E,Dome,1800
409,D,Big Data,1700
409,C,Magnum Opus,1700
409,B,Mysterious Language,1700
409,A,The Great Game,1700
407,B,Long Path,1600
407,A,Triangle,1600
405,D,Toy Sum,1700
405,C,Unusual Product,1600
404,D,Minesweeper 1D,1900
404,C,Restore Graph,1800
404,B,Marathon,1500
402,D,Upgrading Array,1800
402,C,Searching for Graph,1500
400,C,Inna and Huge Candy Matrix,1500
388,B,Fox and Minimal path,1900
387,C,George and Number,1700
385,C,Bear and Prime Numbers,1700
384,B,Multitasking,1500
383,A,Milking cows,1600
382,C,Arithmetic Progression,1700
380,A,Sereja and Prefixes,1600
377,B,Preparing for the Contest,1900
377,A,Maze,1600
375,B,Maximum Submatrix 2,1600
375,A,Divisible by Seven,1600
374,C,Inna and Dima,1900
374,B,Inna and Nine,1500
373,B,Making Sequences is Fun,1600
372,B,Counting Rectangles is Fun,1900
372,A,Counting Kangaroos is Fun,1600
371,D,Vessels,1800
371,C,Hamburgers,1600
370,C,Mittens,1800
369,C,Valera and Elections,1600
367,B,Sereja ans Anagrams,1900
367,A,Sereja and Algorithm ,1500
366,C,Dima and Salad,1900
364,A,Matrix,1600
363,D,Renting Bikes,1800
362,C,Insertion Sort,1900
362,A,Two Semiknights Meet,1500
360,A,Levko and Array Recovery,1700
359,C,Prime Number,1900
358,D,Dima and Hares,1800
358,B,Dima and Text Messages,1500
356,B,Xenia and Hamming,1900
354,A,Vasya and Robot,1500
353,C,Find Maximum,1600
353,B,Two Heaps,1900
351,B,Jeff and Furik,1900
351,A,Jeff and Rounding,1800
350,C,Bombs,1600
350,B,Resort,1500
349,B,Color the Fence,1700
348,A,Mafia,1600
346,A,Alice and Bob,1600
345,A,Expecting Trouble,1500
343,C,Read Time,1900
343,B,Alternating Current,1600
343,A,Rational Resistance,1600
342,C,Cupboard and Balloons,1900
342,B,Xenia and Spies,1500
340,D,Bubble Sort Graph,1500
340,C,Tourist Problem,1600
339,D,Xenia and Bit Operations,1700
339,C,Xenia and Weights,1700
337,C,Quiz,1600
336,C,Vasily the Bear and Sequence,1800
336,B,Vasily the Bear and Fly,1900
335,B,Palindrome,1900
333,B,Chips,1800
333,A,Secrets,1600
332,B,Maximum Absurdity,1500
331,B2,Shave Beaver!,1900
331,B1,Shave Beaver!,1700
331,A2,Oh Sweet Beaverette,1500
329,B,Biridian Forest,1500
329,A,Purification,1500
328,B,Sheldon and Ice Pieces,1500
328,A,IQ Test,1800
327,D,Block Tower,1900
327,C,Magic Five,1700
325,B,Stadium and Games,1800
325,A,Square and Rectangles,1500
323,A,Black-and-White Cube,1600
322,B,Ciel and Flowers,1600
321,B,Ciel and Duel,1900
321,A,Ciel and Robot,1700
320,B,Ping-Pong (Easy Version),1500
319,B,Psychos in a Line,1900
319,A,Malek Dance Club,1600
317,A,Perfect Pair,1600
316,G1,Good Substrings,1700
316,E1,Summer Homework,1500
316,B2,EKG,1600
316,B1,EKG,1500
314,A,Sereja and Contest,1600
309,C,Memory for Arrays,1900
305,C,Ivan and Powers of Two,1600
305,B,Continued Fractions,1700
305,A,Strange Addition,1600
303,B,Rectangle Puzzle II,1700
301,A,Yaroslav and Sequence,1800
300,C,Beautiful Numbers,1800
300,B,Coach,1500
297,B,Fish Weight,1600
297,A,Parity Game,1700
295,B,Greg and Graph,1700
294,C,Shaass and Lights,1900
294,B,Shaass and Bookshelf,1700
293,A,Weird Game,1500
292,E,Copying Data,1900
292,D,Connected Components,1900
291,D,Parallel Programming,1600
291,C,Network Mask,1600
290,C,WTF?,1700
290,B,QR code,1500
288,C,Polo the Penguin and XOR operation,1700
288,B,Polo the Penguin and Houses ,1500
287,B,Pipeline,1700
285,D,Permutation Sum,1900
283,B,Cow Program,1700
283,A,Cows and Sequence,1600
282,C,XOR and OR,1500
282,B,Painting Eggs,1500
281,B,Nearest Fraction,1700
280,B,Maximum Xor Secondary,1800
279,E,Beautiful Decomposition,1900
279,C,Ladder,1700
278,B,New Problem,1500
276,D,Little Girl and Maximum XOR,1700
276,C,Little Girl and Maximum Sum,1500
275,B,Convex Shape,1700
274,B,Zero Tree,1800
274,A,k-Multiple Free Set,1500
272,D,Dima and Two Sequences,1600
272,C,Dima and Staircase,1500
271,D,Good Substrings,1800
271,C,Secret,1500
269,B,Greenhouse Effect,1700
269,A,Magical Boxes,1600
268,C,Beautiful Sets of Points,1500
264,B,Good Sequences,1500
263,D,Cycle in Graph,1800
261,B,Maxim and Restaurant,1900
260,C,Balls and Boxes,1700
260,B,Ancient Prophesy,1600
258,B,Little Elephant and Elections,1900
257,D,Sum,1900
257,C,View Angle,1800
255,D,Mr. Bender and Square,1800
255,C,Almost Arithmetical Progression,1500
254,C,Anagram,1800
254,B,Jury Size,1500
253,C,Text Editor,1600
252,B,Unsorting Array,1800
251,B,Playing with Permutations,1800
250,D,Building Bridge,1900
250,C,Movie Critics,1600
250,B,Restoring IPv6,1500
246,D,Colorful Graph,1600
246,C,Beauty Pageant,1600
245,H,Queries for Number of Palindromes,1800
245,D,Restoring Table,1500
245,C,Game with Coins,1700
244,B,Undoubtedly Lucky Numbers,1600
243,A,The Brand New Function,1600
242,C,King's Path,1800
241,G,Challenging Balloons,1900
239,B,Easy Tape Programming,1500
238,B,Boring Partition,1800
237,C,Primes on Interval,1600
237,B,Young Table,1500
235,A,LCM Challenge,1600
234,G,Practice,1600
234,F,Fence,1800
234,E,Champions' League,1600
234,D,Cinema,1600
232,B,Table,1900
232,A,Cycles,1600
231,D,Magic Box,1600
231,C,To Add or Not to Add,1600
231,B,"Magic, Wizardry and Wonders",1500
229,C,Triangles,1900
229,B,Planets,1700
229,A,Shifts,1500
228,E,The Road to Berland is Paved With Good Intentions,1900
226,B,Naughty Stone Piles,1900
225,C,Barcode,1700
225,B,Well-known Numbers,1600
223,C,Partial Sums,1900
223,B,Two Strings,1900
223,A,Bracket Sequence,1700
222,E,Decoding Genome,1900
222,D,Olympiad,1900
222,C,Reducing Fractions,1800
220,B,Little Elephant and Array,1800
219,D,Choosing Capital for Treeland,1700
219,C,Color Stripe,1600
216,D,Spider's Web,1700
216,C,Hiring Staff,1800
216,B,Forming Teams,1700
215,D,Hot Days,1900
214,B,Hometask,1600
213,B,Numbers,1900
213,A,Game,1700
212,E,IT Restaurants,1500
209,A,Multicolored Marbles,1600
208,C,Police Station,1900
208,B,Solitaire,1900
207,D9,The Beaver's Problem - 3,1800
207,D7,The Beaver's Problem - 3,1600
207,D5,The Beaver's Problem - 3,1600
207,D1,The Beaver's Problem - 3,1800
207,B3,Military Trainings,1700
207,B2,Military Trainings,1900
207,B1,Military Trainings,1600
207,A2,Beaver's Calculator 1.0,1800
207,A1,Beaver's Calculator 1.0,1600
204,B,Little Elephant and Cards,1500
204,A,Little Elephant and Interval,1500
203,D,Hit Ball,1700
202,B,Brand New Easy Problem,1700
201,B,Guess That Car!,1800
201,A,Clear Symmetry,1700
200,D,Programming Language,1800
200,C,Football Championship,1800
199,B,Special Olympics,1900
198,A,About Bacteria,1700
197,A,Plate Game,1600
195,D,Analyzing Polyline,1900
195,C,Try and Catch,1800
193,A,Cutting Figure,1700
191,C,Fools and Roads,1900
191,B,Demonstration,1700
191,A,Dynasty Puzzles,1500
190,D,Non-Secret Cypher,1900
190,C,STL,1500
190,B,Surrounded,1800
188,H,Stack,1800
188,G,Array Sorting,1600
187,B,AlgoRace,1800
187,A,Permutations,1500
185,B,Mushroom Scientists,1800
183,B,Zoo,1700
183,A,Headquarters,1700
182,E,Wooden Fence,1800
180,E,Cubes,1800
180,D,Name,1900
180,A,Defragmentation,1800
178,F1,Representative Sampling,1800
178,E1,The Beaver's Problem - 2,1900
178,D2,Magic Squares,1900
178,D1,Magic Squares,1500
178,C2,Smart Beaver and Resolving Collisions,1900
178,C1,Smart Beaver and Resolving Collisions,1600
178,B3,Greedy Merchants,1800
178,B2,Greedy Merchants,1600
178,B1,Greedy Merchants,1600
177,F1,Script Generation,1800
177,E2,Space Voyage,1900
177,E1,Space Voyage,1700
177,D2,Encrypting Messages,1500
177,C2,Party,1500
177,C1,Party,1500
175,C,Geometry Horse,1600
174,C,Range Increments,1800
173,C,Spiral Maximum,1900
173,B,Chamber of Secrets,1800
172,D,Calendar Reform,1500
172,C,Bus,1500
171,H,A polyline,1700
171,G,Mysterious numbers - 2,1600
171,F,ucyhf,1600
168,B,Wizards and Minimal Spell,1700
167,B,Wizards and Huge Prize,1800
167,A,Wizards and Trolleybuses,1600
166,C,Median,1500
165,C,Another Problem on Strings,1600
165,B,Burning Midnight Oil,1500
164,A,"Variable, or There and Back Again",1700
163,A,Substring and Subsequence,1700
162,J,Brackets,1800
162,H,Alternating case,1800
162,F,Factorial zeros,1800
162,E,HQ9+,1800
162,D,Remove digits,1900
162,C,Prime factorization,1800
162,B,Binary notation,1800
161,D,Distance in Tree,1800
161,B,Discounts,1700
160,C,Find Pair,1700
159,E,Zebra Tower,1700
159,D,Palindrome pairs,1500
158,E,Phone Talks,1900
156,B,Suspects,1600
156,A,Message,1700
154,B,Colliders,1600
154,A,Hometask,1600
153,B,Binary notation,1800
153,A,A + B,1600
150,B,Quantity of Strings,1600
149,D,Coloring Brackets,1900
149,C,Division into Teams,1500
149,B,Martian Clock,1600
148,D,Bag of mice,1800
148,C,Terse princess,1700
148,B,Escape,1500
145,B,Lucky Number 2,1800
144,D,Missile Silos,1900
144,C,Anagram Search,1500
142,B,Help General,1800
142,A,Help Farmer,1600
141,C,Queue,1800
140,D,New Year Contest,1800
140,C,New Year Snowmen,1800
140,B,New Year Cards,1800
140,A,New Year Table,1700
139,B,Wallpaper,1600
138,B,Digits Permutations,1900
138,A,Literature Lesson,1600
137,D,Palindromes,1900
137,C,History,1500
135,C,Zero-One,1900
134,B,Pairs of Numbers,1900
132,C,Logo Turtle,1800
131,E,Yet Another Task with Queens,1700
131,D,Subway,1600
130,J,Date calculation,1800
130,H,Balanced brackets,1600
130,G,CAPS LOCK ON,1700
130,F,Prime factorization,1600
130,E,Tribonacci numbers,1600
130,D,Exponentiation,1500
130,C,Decimal sum,1500
128,A,Statues,1500
126,B,Password,1700
126,A,Hot Bath,1900
125,C,Hobbits' Party,1600
123,B,Squares,1800
121,C,Lucky Permutation,1900
121,B,Lucky Transformation,1500
120,J,Minimum Sum,1900
120,H,Brevity is Soul of Wit,1800
120,G,Boom,1800
119,B,Before Exam,1900
118,D,Caesar's Legions,1700
118,C,Fancy Number,1900
117,B,Very Interesting Game,1800
115,B,Lawnmower,1500
114,B,PFAST Inc.,1500
113,A,Grammar Lessons,1600
111,B,Petya and Divisors,1900
109,C,Lucky Tree,1900
109,B,Lucky Probability,1900
107,B,Basketball Team,1600
106,D,Treasure Island,1700
106,C,Buns,1700
105,B,Dark Assembly,1800
105,A,Transmigration,1700
103,C,Russian Roulette,1900
103,B,Cthulhu,1500
101,B,Buses,1700
100,I,Rotation,1500
100,G,Name the album,1800
100,F,Polynom,1800
100,E,Lamps in a Line,1600
100,D,World of Mouth,1500
100,B,Friendly Numbers,1500
98,A,Help Victoria the Wise,1700
95,C,Volleyball,1900
95,B,Lucky Numbers,1800
95,A,Hockey,1600
93,B,End of Exams,1900
93,A,Frames,1700
91,B,Queue,1500
91,A,Newspaper Headline,1500
89,A,Robbery,1800
88,B,Keyboard,1500
87,B,Vasya and Types,1800
87,A,Trains,1500
85,B,Embassy Queue,1800
84,C,Biathlon,1700
83,B,Doctor,1800
82,B,Sets,1700
81,C,Average Score,1700
81,B,Sequence Formatting,1700
77,B,Falling Anvils,1800
76,E,Points,1700
76,D,Plus and xor,1700
75,C,Modified GCD,1600
75,B,Facetook Priority Wall,1500
74,B,Train,1500
73,C,LionAge II,1800
73,A,The Elder Trolls IV: Oblivon,1600
72,I,Goofy Numbers,1500
72,H,Reverse It!,1600
72,F,Oil,1900
72,E,Ali goes shopping,1800
72,A,"Goshtasp, Vishtasp and Eidi",1800
71,C,Round Table Knights,1600
70,B,Text Messaging,1600
69,E,Subsegments,1800
69,D,Dot,1900
68,B,Energy exchange,1600
67,D,Optical Experiment,1900
67,B,Restoration of the Permutation,1800
67,A,Partial Teacher,1800
66,C,Petya and File System,1800
65,B,Harry Potter and the History of Magic,1700
65,A,Harry Potter and Three Spells,1800
64,E,Prime Segment,1800
64,D,Presents,1800
64,C,Table,1600
64,B,Expression,1500
63,D,Dividing Island,1900
63,C,Bulls and Cows,1700
62,B,Tyndex.Brome,1800
61,D,Eternal Victory,1800
59,C,Title,1600
58,C,Trees,1800
57,C,Array,1900
57,B,Martian Architecture,1600
56,C,Corporation Mail,1700
55,C,Pie or die,1900
55,B,Smallest number,1600
54,B,Cutting Jigsaw Puzzle,1800
53,D,Physical Education,1500
53,B,Blog Photo,1700
52,B,Right Triangles,1600
51,C,Three Base Stations,1800
51,B,bHTML Tables Analisys,1700
50,B,Choosing Symbol Pairs,1500
49,D,Game,1800
49,C,Disposition,1700
49,B,Sum,1500
48,D,Permutations,1500
48,C,The Race,1800
46,E,Comb,1900
46,D,Parking Lot,1800
46,C,Hamsters and Tigers,1600
45,J,Planting Trees,1800
45,D,Event Dates,1900
45,C,Dancing Lessons,1900
44,H,Phone Number,1700
44,D,Hyperdrive,1800
44,B,Cola,1500
42,B,Game of chess unfinished,1700
41,E,3-cycles,1900
41,D,Pawn,1900
40,B,Repaintings,1600
39,J,Spelling Check,1500
38,E,Let's Go Rolling!,1800
38,D,Vasya the Architect,1900
37,C,Old Berland Language,1900
37,B,Computer Game,1800
36,B,Fractal,1600
35,D,Animals,1700
35,C,Fire Again,1500
35,B,Warehouse,1700
34,D,Road Map,1600
33,C,Wonderful Randomized Sum,1800
33,B,String Problem,1800
32,D,Constellation,1600
32,C,Flea,1700
31,C,Schedule,1700
31,B,Sysadmin Bob,1500
30,C,Shooting Gallery,1800
30,B,Codeforces World Finals,1700
29,C,Mail Stamps,1700
29,B,Traffic Lights,1500
28,B,pSort,1600
28,A,Bender Problem,1600
27,C,Unordered Subsequence,1900
25,D,Roads not only in Berland,1900
25,C,Roads in Berland,1900
24,B,F1 Champions,1500
23,B,Party,1600
22,D,Segments,1900
22,C,System Administrator,1700
22,B,Bargaining Table,1500
21,A,Jabber ID,1900
20,C,Dijkstra?,1900
20,A,BerOS file system,1700
18,B,Platforms,1700
18,A,Triangle,1500
17,B,Hierarchy,1500
16,D,Logging,1900
16,C,Monitor,1800
15,B,Laser,1800
14,E,Camels,1900
14,D,Two Paths,1900
14,C,Four Segments,1700
11,B,Jumping Jack,1600
10,B,Cinema Cashier,1500
9,D,How many trees?,1900
7,C,Line,1800
7,B,Memory Manager,1600
6,E,Exposition,1900
5,C,Longest Regular Bracket Sequence,1900
3,C,Tic-tac-toe,1800
3,B,Lorry,1900
2,A,Winner,1500
1,B,Spreadsheet,1600
